Name,Section/Column,Tipo de projeto,Assignee,Due Date,Description,Status,Situação no repasse,Concluída em,Prioridade,Responsável atual,Sucessor(a),Entregável,Link
"Definir sucessor(a) para cada frente (base, página, cartas, treinamento, documentação)",Transição e governança do repasse · Pessoas,Gestão do repasse,,,"Entregável: Matriz de responsáveis preenchida neste quadro
Preencher o campo Sucessor(a) em cada tarefa. Filtro 'Sem sucessor' mostra o que falta.",A fazer,Criar,,Alta,Suellen Pereira da Silva,,Matriz de responsáveis preenchida neste quadro,
Reunião de kickoff do repasse com o time de R&S,Transição e governança do repasse · Pessoas,Gestão do repasse,,,"Entregável: Ata com responsáveis e datas
Apresentar este quadro, combinar rotina de acompanhamento semanal até a data de saída.",A fazer,Criar,,Alta,Suellen Pereira da Silva,,Ata com responsáveis e datas,
Agendar passagem de bastão com a InHire (Diego Guedes / Isabela Britto),Transição e governança do repasse · Parceiros,Gestão do repasse,,,"Entregável: Reunião realizada e novo ponto focal informado à InHire
diego.guedes@inhire.com.br (implantação/importação) · isabela.britto@inhire.com.br (materiais).",A fazer,Criar,,Alta,Suellen Pereira da Silva,,Reunião realizada e novo ponto focal informado à InHire,
Transferir acessos e propriedade de arquivos,Transição e governança do repasse · Acessos,Gestão do repasse,,,"Entregável: Novo(a) admin no InHire; arquivos do Drive transferidos
Perfil admin InHire, pastas de fotos, planilhas, formulários e materiais. Conferir quem é editor da Planilha v4.",A fazer,Criar,,Alta,Suellen Pereira da Silva,,Novo(a) admin no InHire; arquivos do Drive transferidos,
Comunicar Heads e gestores sobre o novo ponto focal de R&S/InHire,Transição e governança do repasse · Comunicação,Gestão do repasse,,,"Entregável: E-mail enviado aos Heads de cada empresa
Usar a lista de Heads da aba 'Opções de resposta em lista'.",A fazer,Criar,,Média,Suellen Pereira da Silva,,E-mail enviado aos Heads de cada empresa,
Preencher 'Gestor Imediato' (coluna G),Etapa 1 · Base final preenchida (importação) · LOTE 1 · Vagas abertas/congeladas,InHire · Nova ATS,,,"Entregável: Coluna G completa, nomes iguais à lista de opções
Comentário do Diego (30/09): inserir gestor imediato. Corrigir quebras de linha nos nomes (ex.: ADILSON NONATO DO NASCIMENTO).
Link: https://docs.google.com/spreadsheets/d/18XiwQr1AXpgs___fAk0nZDhYA5YvfpuokPxGPwHCTSE/edit",A fazer,Atualizar,,Alta,Suellen Pereira da Silva,,"Coluna G completa, nomes iguais à lista de opções",https://docs.google.com/spreadsheets/d/18XiwQr1AXpgs___fAk0nZDhYA5YvfpuokPxGPwHCTSE/edit
Revisar 'Tipo de Contratação' (coluna AC) marcada como pendente,Etapa 1 · Base final preenchida (importação) · LOTE 1 · Vagas abertas/congeladas,InHire · Nova ATS,,,"Entregável: Coluna AC validada
Opções: CLT, PJ, Contrato temporário, Associado, Autônomo, Cooperado, Estágio, Menor aprendiz.
Link: https://docs.google.com/spreadsheets/d/18XiwQr1AXpgs___fAk0nZDhYA5YvfpuokPxGPwHCTSE/edit",A fazer,Atualizar,,Alta,Suellen Pereira da Silva,,Coluna AC validada,https://docs.google.com/spreadsheets/d/18XiwQr1AXpgs___fAk0nZDhYA5YvfpuokPxGPwHCTSE/edit
Completar 'Descritivo da Vaga' (coluna AS) e 'Nome externo de divulgação',Etapa 1 · Base final preenchida (importação) · LOTE 1 · Vagas abertas/congeladas,InHire · Nova ATS,,,"Entregável: Descritivos preenchidos ou N/A justificado
Diego sinalizou a coluna AS (30/09). Hoje há links do gupy.io que vão expirar com a migração.
Link: https://docs.google.com/spreadsheets/d/18XiwQr1AXpgs___fAk0nZDhYA5YvfpuokPxGPwHCTSE/edit",A fazer,Atualizar,,Média,Suellen Pereira da Silva,,Descritivos preenchidos ou N/A justificado,https://docs.google.com/spreadsheets/d/18XiwQr1AXpgs___fAk0nZDhYA5YvfpuokPxGPwHCTSE/edit
Informar a escala da vaga 10222 (Assist. Crédito em Conta – IFP Uberaba),Etapa 1 · Base final preenchida (importação) · LOTE 1 · Vagas abertas/congeladas,InHire · Nova ATS,,,"Entregável: Escala preenchida conforme lista (F32, F57...)
Comentário 'faltou escala' na célula AE4.
Link: https://docs.google.com/spreadsheets/d/18XiwQr1AXpgs___fAk0nZDhYA5YvfpuokPxGPwHCTSE/edit",A fazer,Atualizar,,Média,Suellen Pereira da Silva,,"Escala preenchida conforme lista (F32, F57...)",https://docs.google.com/spreadsheets/d/18XiwQr1AXpgs___fAk0nZDhYA5YvfpuokPxGPwHCTSE/edit
Validar 'Cliente' e 'Tipo de Contrato' contra as listas de opções,Etapa 1 · Base final preenchida (importação) · LOTE 1 · Vagas abertas/congeladas,InHire · Nova ATS,,,"Entregável: Valores padronizados
Cliente/Squad: Loja, Tecnologia, Corporativo. Hoje o Tipo de Contrato está como 'EFETIVO', que não existe na lista (Contrato determinado/indeterminado).
Link: https://docs.google.com/spreadsheets/d/18XiwQr1AXpgs___fAk0nZDhYA5YvfpuokPxGPwHCTSE/edit",A fazer,Atualizar,,Média,Suellen Pereira da Silva,,Valores padronizados,https://docs.google.com/spreadsheets/d/18XiwQr1AXpgs___fAk0nZDhYA5YvfpuokPxGPwHCTSE/edit
Corrigir 'Tipo de processo' (coluna AA),Etapa 1 · Base final preenchida (importação) · LOTE 2 · Fechadas/canceladas,InHire · Nova ATS,,,"Entregável: Coluna AA com opções válidas
Hoje está 'CLT'. Opções: Recrutamento Interno, Recrutamento Externo, Indicação do Gestor Durante o Processo, Candidato Definido, Efetivação Aprendiz e Estag.
Link: https://docs.google.com/spreadsheets/d/18XiwQr1AXpgs___fAk0nZDhYA5YvfpuokPxGPwHCTSE/edit",A fazer,Atualizar,,Alta,Suellen Pereira da Silva,,Coluna AA com opções válidas,https://docs.google.com/spreadsheets/d/18XiwQr1AXpgs___fAk0nZDhYA5YvfpuokPxGPwHCTSE/edit
Corrigir 'Tipo de movimentação' (coluna AB),Etapa 1 · Base final preenchida (importação) · LOTE 2 · Fechadas/canceladas,InHire · Nova ATS,,,"Entregável: Coluna AB com opções válidas
Hoje está 'CONTRATO DETERMINADO'. Opções: Admissão de colaborador, Contratação sem vínculo, Recontratação de ex-colaborador, Transferência interna, Movimentação de colaborador, Recrutamento Interno.
Link: https://docs.google.com/spreadsheets/d/18XiwQr1AXpgs___fAk0nZDhYA5YvfpuokPxGPwHCTSE/edit",A fazer,Atualizar,,Alta,Suellen Pereira da Silva,,Coluna AB com opções válidas,https://docs.google.com/spreadsheets/d/18XiwQr1AXpgs___fAk0nZDhYA5YvfpuokPxGPwHCTSE/edit
Identificar colaborador substituído nas vagas de substituição,Etapa 1 · Base final preenchida (importação) · LOTE 2 · Fechadas/canceladas,InHire · Nova ATS,,,"Entregável: Campo 'Colaborador Substituído' preenchido
Pergunta aberta do Diego: 'não sabemos quem é a pessoa substituída aqui?'.
Link: https://docs.google.com/spreadsheets/d/18XiwQr1AXpgs___fAk0nZDhYA5YvfpuokPxGPwHCTSE/edit",A fazer,Atualizar,,Média,Suellen Pereira da Silva,,Campo 'Colaborador Substituído' preenchido,https://docs.google.com/spreadsheets/d/18XiwQr1AXpgs___fAk0nZDhYA5YvfpuokPxGPwHCTSE/edit
Confirmar que 'Data Contratação' = data de admissão e replicar nas vagas fechadas,Etapa 1 · Base final preenchida (importação) · LOTE 2 · Talentos contratados,InHire · Nova ATS,,,"Entregável: Datas conferidas nas duas abas
Comentário na célula M2.
Link: https://docs.google.com/spreadsheets/d/18XiwQr1AXpgs___fAk0nZDhYA5YvfpuokPxGPwHCTSE/edit",A fazer,Atualizar,,Média,Suellen Pereira da Silva,,Datas conferidas nas duas abas,https://docs.google.com/spreadsheets/d/18XiwQr1AXpgs___fAk0nZDhYA5YvfpuokPxGPwHCTSE/edit
Conferir se os IDs batem com a aba 'LOTE 2 – Vagas Fechadas/Canceladas',Etapa 1 · Base final preenchida (importação) · LOTE 2 · Talentos contratados,InHire · Nova ATS,,,"Entregável: IDs 100% conciliados
Requisito da importação: ID do talento = ID da vaga fechada.
Link: https://docs.google.com/spreadsheets/d/18XiwQr1AXpgs___fAk0nZDhYA5YvfpuokPxGPwHCTSE/edit",A fazer,Atualizar,,Alta,Suellen Pereira da Silva,,IDs 100% conciliados,https://docs.google.com/spreadsheets/d/18XiwQr1AXpgs___fAk0nZDhYA5YvfpuokPxGPwHCTSE/edit
Trocar 'Segmento' por 'Head' usando só o nome da área,Etapa 1 · Base final preenchida (importação) · Padronização,InHire · Nova ATS,,,"Entregável: Lista de Heads padronizada
Diego: manter só a área (incluir nome de pessoas gera manutenção). Consultar a Thay se dá para tratar a resposta pegando só o que vem depois do '-'. Falta subir a carga de respostas.
Link: https://docs.google.com/spreadsheets/d/18XiwQr1AXpgs___fAk0nZDhYA5YvfpuokPxGPwHCTSE/edit",Em andamento,Atualizar,,Média,Suellen Pereira da Silva,,Lista de Heads padronizada,https://docs.google.com/spreadsheets/d/18XiwQr1AXpgs___fAk0nZDhYA5YvfpuokPxGPwHCTSE/edit
Revisar dados pessoais (CPF) compartilhados na planilha,Etapa 1 · Base final preenchida (importação) · Padronização,InHire · Nova ATS,,,"Entregável: Acesso restrito e só os campos necessários à carga
LGPD: a aba de talentos tem CPF. Limitar editores e apagar após a importação.
Link: https://docs.google.com/spreadsheets/d/18XiwQr1AXpgs___fAk0nZDhYA5YvfpuokPxGPwHCTSE/edit",A fazer,Atualizar,,Alta,Suellen Pereira da Silva,,Acesso restrito e só os campos necessários à carga,https://docs.google.com/spreadsheets/d/18XiwQr1AXpgs___fAk0nZDhYA5YvfpuokPxGPwHCTSE/edit
Consolidar a base final com todas as vagas e enviar à InHire,Etapa 1 · Base final preenchida (importação) · Entrega,InHire · Nova ATS,,,"Entregável: Base final preenchida e validada pelo Diego
Versão vigente: v4 (v2 está obsoleta). Hoje há 3 vagas no LOTE 1 e 5 no LOTE 2; confirmar se é amostra ou o total.
Link: https://docs.google.com/spreadsheets/d/18XiwQr1AXpgs___fAk0nZDhYA5YvfpuokPxGPwHCTSE/edit",Em andamento,Atualizar,,Alta,Suellen Pereira da Silva,,Base final preenchida e validada pelo Diego,https://docs.google.com/spreadsheets/d/18XiwQr1AXpgs___fAk0nZDhYA5YvfpuokPxGPwHCTSE/edit
Validar a carga no InHire após a importação,Etapa 1 · Base final preenchida (importação) · Entrega,InHire · Nova ATS,,,"Entregável: Checagem por amostragem sem divergências
Conferir requisições, vagas, recrutador, gestor e status no ambiente InHire.
Link: https://docs.google.com/spreadsheets/d/18XiwQr1AXpgs___fAk0nZDhYA5YvfpuokPxGPwHCTSE/edit",A fazer,Criar,,Alta,Suellen Pereira da Silva,,Checagem por amostragem sem divergências,https://docs.google.com/spreadsheets/d/18XiwQr1AXpgs___fAk0nZDhYA5YvfpuokPxGPwHCTSE/edit
Selecionar as fotos do RH (setembro/26),Etapa 3 · Página de carreiras · Conteúdo,InHire · Nova ATS,,,"Entregável: Fotos escolhidas e tratadas
Pastas 'FOTOS DAYCOVAL - RH SETEMBRO 26' e 'FOTOS' no Drive.
Link: https://drive.google.com/drive/folders/1LdBZK69yVizn_WxvufqKtcIZsw4NvMR-",Em andamento,Manter,,Média,Suellen Pereira da Silva,,Fotos escolhidas e tratadas,https://drive.google.com/drive/folders/1LdBZK69yVizn_WxvufqKtcIZsw4NvMR-
"Revisar textos institucionais (sobre, cultura, benefícios, empresas do grupo)",Etapa 3 · Página de carreiras · Conteúdo,InHire · Nova ATS,,,"Entregável: Textos aprovados
Validar com Marketing/Comunicação.",A fazer,Atualizar,,Média,Suellen Pereira da Silva,,Textos aprovados,
Montar a página de carreiras no InHire,Etapa 3 · Página de carreiras · Configuração,InHire · Nova ATS,,,"Entregável: Página publicada em homologação
Inclui identidade visual, seções e filtros por empresa/área.",A fazer,Criar,,Alta,Suellen Pereira da Silva,,Página publicada em homologação,
Substituir links das vagas do gupy.io pelos links do InHire,Etapa 3 · Página de carreiras · Configuração,InHire · Nova ATS,,,"Entregável: Links atualizados nos canais (site, LinkedIn)
Os links atuais de Daycoval, Daycoval Tech e Daycred no gupy.io deixam de funcionar ao desligar a Gupy.",A fazer,Atualizar,,Média,Suellen Pereira da Silva,,"Links atualizados nos canais (site, LinkedIn)",
Aprovação final e publicação da página,Etapa 3 · Página de carreiras · Aprovação,InHire · Nova ATS,,,"Entregável: Página no ar
Aprovação RH + Marketing.",A fazer,Criar,,Alta,Suellen Pereira da Silva,,Página no ar,
Redigir modelos de carta proposta por tipo de contratação,Etapa 2 · Cartas proposta · Modelos,InHire · Nova ATS,,,"Entregável: Modelos CLT, Estágio e Aprendiz
Campos dinâmicos: nome, cargo, empresa, salário contratual, escala, data de admissão, benefícios.",Em andamento,Atualizar,,Alta,Suellen Pereira da Silva,,"Modelos CLT, Estágio e Aprendiz",
Validar os modelos com DP e Jurídico,Etapa 2 · Cartas proposta · Modelos,InHire · Nova ATS,,,"Entregável: Modelos aprovados
",A fazer,Criar,,Alta,Suellen Pereira da Silva,,Modelos aprovados,
Configurar as cartas no InHire com variáveis e fluxo de aprovação,Etapa 2 · Cartas proposta · Configuração,InHire · Nova ATS,,,"Entregável: Modelos ativos no InHire
Definir quem aprova a proposta antes do envio ao talento.",A fazer,Criar,,Alta,Suellen Pereira da Silva,,Modelos ativos no InHire,
Testar o envio de proposta de ponta a ponta,Etapa 2 · Cartas proposta · Configuração,InHire · Nova ATS,,,"Entregável: Teste aprovado
Uma vaga de teste por tipo de contratação.",A fazer,Criar,,Média,Suellen Pereira da Silva,,Teste aprovado,
Adaptar o Manual de Lideranças da InHire à realidade Daycoval,Etapa 4 · Material de treinamento · Lideranças,InHire · Nova ATS,,,"Entregável: Manual adaptado
Módulos: visão geral da vaga, o candidato na vaga, Kit Entrevista, Analytics da vaga.
Link: https://drive.google.com/file/d/19x416s7mUmxWs2ARTMga5m1RzBaG8huX/view",Em andamento,Atualizar,,Alta,Suellen Pereira da Silva,,Manual adaptado,https://drive.google.com/file/d/19x416s7mUmxWs2ARTMga5m1RzBaG8huX/view
Agendar e aplicar o treinamento de gestores,Etapa 4 · Material de treinamento · Lideranças,InHire · Nova ATS,,,"Entregável: Turmas realizadas e lista de presença
Fernanda está desenvolvendo um treinamento para líderes. Alinhar o conteúdo para não duplicar.",A fazer,Criar,,Alta,Suellen Pereira da Silva,,Turmas realizadas e lista de presença,
"Treinar o time de R&S no fluxo InHire (etapas, feedback, encerramento)",Etapa 4 · Material de treinamento · Time de R&S,InHire · Nova ATS,,,"Entregável: Treinamento aplicado e gravado
Atacar as dores da Gupy: pular etapas, feedback atrasado, vagas com +90 dias abertas.",A fazer,Criar,,Alta,Suellen Pereira da Silva,,Treinamento aplicado e gravado,
Planejar a implantação do Programa de Indicação,Etapa 4 · Material de treinamento · Programa de Indicação,InHire · Nova ATS,,,"Entregável: Cronograma e comunicação aos membros internos
Material de apoio da InHire para recrutador e membro interno.
Link: https://drive.google.com/file/d/1p92SYhUJW0iSi7IKYZc9DwLgAq4t2YPp/view",A fazer,A avaliar,,Média,Suellen Pereira da Silva,,Cronograma e comunicação aos membros internos,https://drive.google.com/file/d/1p92SYhUJW0iSi7IKYZc9DwLgAq4t2YPp/view
Centralizar gravações e materiais numa pasta compartilhada,Etapa 4 · Material de treinamento · Acervo,InHire · Nova ATS,,,"Entregável: Pasta organizada com link no quadro
",A fazer,Criar,,Média,Suellen Pereira da Silva,,Pasta organizada com link no quadro,
Documentar o fluxo de requisição e aprovação de vagas,Etapa 5 · Documentação InHire · Processos,InHire · Nova ATS,,,"Entregável: Fluxo documentado
Tipos de requisição: aumento de quadro, aumento temporário, substituição. Requisição sigilosa.",A fazer,Criar,,Alta,Suellen Pereira da Silva,,Fluxo documentado,
Documentar SLA por nível e regras de encerramento de vagas,Etapa 5 · Documentação InHire · Processos,InHire · Nova ATS,,,"Entregável: Política publicada
Operacionais 20 dias · Analistas/Especialistas 30 dias · Gestão 40 dias.",A fazer,Criar,,Média,Suellen Pereira da Silva,,Política publicada,
Mapa de perfis e permissões no InHire,Etapa 5 · Documentação InHire · Governança,InHire · Nova ATS,,,"Entregável: Tabela perfil x permissão
Recrutador, gestor, avaliador, admin, RH.",A fazer,Criar,,Alta,Suellen Pereira da Silva,,Tabela perfil x permissão,
Dicionário de campos personalizados (requisição e vaga),Etapa 5 · Documentação InHire · Governança,InHire · Nova ATS,,,"Entregável: Dicionário publicado
Base: aba 'Mapeamento de Campos' da Planilha v4.
Link: https://docs.google.com/spreadsheets/d/18XiwQr1AXpgs___fAk0nZDhYA5YvfpuokPxGPwHCTSE/edit",A fazer,Atualizar,,Média,Suellen Pereira da Silva,,Dicionário publicado,https://docs.google.com/spreadsheets/d/18XiwQr1AXpgs___fAk0nZDhYA5YvfpuokPxGPwHCTSE/edit
Registrar dores da Gupy e como o InHire resolve cada uma,Etapa 5 · Documentação InHire · Governança,InHire · Nova ATS,,,"Entregável: Quadro comparativo
Planilha 'Banco Daycoval e Gupy – Mapeamento de melhorias'.
Link: https://docs.google.com/spreadsheets/d/1P8T1nctioHdNWqfhKaIlwD-fsDWVgiOgNpdBD180BF8/edit",A fazer,Manter,,Baixa,Suellen Pereira da Silva,,Quadro comparativo,https://docs.google.com/spreadsheets/d/1P8T1nctioHdNWqfhKaIlwD-fsDWVgiOgNpdBD180BF8/edit
"Registrar contatos, suporte e rotinas com a InHire",Etapa 5 · Documentação InHire · Contatos,InHire · Nova ATS,,,"Entregável: Página de contatos
Implantação: Diego Guedes. Materiais/CS: Isabela Britto.",A fazer,Criar,,Média,Suellen Pereira da Silva,,Página de contatos,
Validar KV e naming do Programa Delta,"Delta · Estratégia, orçamento e aprovação · Estratégia",Programa Delta,,,"Entregável: KV aprovado
O KV está 'em validação' no deck. Conceito: os 4 Ds (Desafio, Descoberta, Desenvolvimento, Desempenho).",Em andamento,Atualizar,,Alta,Suellen Pereira da Silva,,KV aprovado,
Confirmar as 11 vagas por área e o gestor de cada uma,"Delta · Estratégia, orçamento e aprovação · Estratégia",Programa Delta,,,"Entregável: Quadro de vagas assinado pelos gestores
Captação 2 (Jayme Carvalho) · Daycoval Invest 2 (Adriana Siebert) · DCM 1 (Renato Otranto) · Tesouraria 2 (Paulo Saba) · Asset 1 (Roberto Kropp) · Serviços Fiduciários 2 (Eric de Carvalho) · Riscos e Compliance 1 (Adely).",A fazer,Atualizar,,Alta,Suellen Pereira da Silva,,Quadro de vagas assinado pelos gestores,
Alinhar a meta do funil com o número de vagas,"Delta · Estratégia, orçamento e aprovação · Estratégia",Programa Delta,,,"Entregável: Meta de funil revisada
O deck traz 11 vagas, mas o funil de seleção termina em 8 selecionados (100–130 ativados → 40 no Challenge → 8). Ajustar uma das duas pontas.",A fazer,A avaliar,,Alta,Suellen Pereira da Silva,,Meta de funil revisada,
Fechar orçamento de atração e seleção,"Delta · Estratégia, orçamento e aprovação · Orçamento",Programa Delta,,,"Entregável: Orçamento aprovado
Cia de Estágios: R$ 2,8 mil por vaga no sucesso (11 vagas ≈ R$ 30,8 mil) + R$ 20,5 mil em ações de atração. Total ≈ R$ 51,3 mil, sem o Kit Delta e eventos.",A fazer,Criar,,Alta,Suellen Pereira da Silva,,Orçamento aprovado,
"Contratar a Cia de Estágios (proposta, contrato e SLA)","Delta · Estratégia, orçamento e aprovação · Fornecedor",Programa Delta,,,"Entregável: Contrato assinado
Escopo: marketing dedicado, hotsite, divulgação multicanal, banco de talentos e entrevistas comportamentais com feedback.
Link: https://www.ciadeestagios.com.br/",A fazer,Criar,,Alta,Suellen Pereira da Silva,,Contrato assinado,https://www.ciadeestagios.com.br/
Montar o cronograma macro da atração até a admissão,"Delta · Estratégia, orçamento e aprovação · Cronograma",Programa Delta,,,"Entregável: Cronograma com datas de cada etapa
Cruzar com o calendário acadêmico das target (provas, férias, semanas de carreira).",A fazer,Criar,,Alta,Suellen Pereira da Silva,,Cronograma com datas de cada etapa,
Aprovação executiva do programa,"Delta · Estratégia, orçamento e aprovação · Aprovação",Programa Delta,,,"Entregável: Escopo, orçamento e cronograma aprovados
",A fazer,Criar,,Alta,Suellen Pereira da Silva,,"Escopo, orçamento e cronograma aprovados",
Fechar a lista de universidades target e cursos,Delta · Universidades e contatos · Target,Programa Delta,,,"Entregável: Lista final de instituições e cursos
Deck: USP, FGV, Insper, ITA, Link School of Business e federais (definir quais). Unicamp aparece nos números da Cia. Cursos: Administração, Economia, Matemática, Engenharias, Tecnologia, Física.",Em andamento,Atualizar,,Alta,Suellen Pereira da Silva,,Lista final de instituições e cursos,
"Mapear contatos de cada universidade (centro de carreiras, empresa júnior, ligas)",Delta · Universidades e contatos · Contatos,Programa Delta,,,"Entregável: Aba Universidades preenchida com nome, e-mail e telefone
Priorizar ligas de mercado financeiro e empresas júnior, que fazem a ponte com os alunos.",A fazer,Criar,,Alta,Suellen Pereira da Silva,,"Aba Universidades preenchida com nome, e-mail e telefone",
Fazer o primeiro contato e apresentar o Delta a cada universidade,Delta · Universidades e contatos · Contatos,Programa Delta,,,"Entregável: Status 'Contato feito' em todas as target
Registrar o retorno e a próxima ação na aba Universidades.",A fazer,Criar,,Alta,Suellen Pereira da Silva,,Status 'Contato feito' em todas as target,
Levantar o calendário acadêmico e as semanas de carreira,Delta · Universidades e contatos · Calendário,Programa Delta,,,"Entregável: Calendário consolidado por instituição
Evitar provas e férias nas datas de palestra e do Challenge Day.",A fazer,Criar,,Média,Suellen Pereira da Silva,,Calendário consolidado por instituição,
Ativar o banco de talentos da Cia de Estágios nas target,Delta · Universidades e contatos · Banco de talentos,Programa Delta,,,"Entregável: Lista de candidatos ativados
Referência do deck: Insper +2.500 · FGV +3.500 · USP +34.200 · Unicamp +14.500 · ITA +100.
Link: https://www.ciadeestagios.com.br/",A fazer,Manter,,Média,Suellen Pereira da Silva,,Lista de candidatos ativados,https://www.ciadeestagios.com.br/
Coletar indicações de gestores e estagiários atuais,Delta · Universidades e contatos · Indicações,Programa Delta,,,"Entregável: Lista de indicados
Usar o Programa de Indicação do InHire, se já estiver ativo.",A fazer,Criar,,Média,Suellen Pereira da Silva,,Lista de indicados,
Definir formato e roteiro padrão da palestra Delta,Delta · Palestras e ativações · Palestras,Programa Delta,,,"Entregável: Roteiro e apresentação prontos
Quem fala, duração, case do mercado financeiro, depoimento de estagiário e CTA para a inscrição.",A fazer,Criar,,Alta,Suellen Pereira da Silva,,Roteiro e apresentação prontos,
Escalar executivos e gestores para as palestras,Delta · Palestras e ativações · Palestras,Programa Delta,,,"Entregável: Agenda de palestrantes por universidade
Os gestores das 7 áreas são o primeiro grupo a convidar.",A fazer,Criar,,Alta,Suellen Pereira da Silva,,Agenda de palestrantes por universidade,
Agendar as palestras nas universidades target,Delta · Palestras e ativações · Palestras,Programa Delta,,,"Entregável: Palestras confirmadas na aba Universidades
Status 'Palestra agendada' com data em cada instituição.",A fazer,Criar,,Alta,Suellen Pereira da Silva,,Palestras confirmadas na aba Universidades,
Organizar o 'Portas abertas' no Daycoval,Delta · Palestras e ativações · Ativações,Programa Delta,,,"Entregável: Evento realizado
Visita dos universitários ao banco, com conversa com as áreas.",A fazer,Criar,,Média,Suellen Pereira da Silva,,Evento realizado,
Avaliar participação em feiras de carreira patrocinadas,Delta · Palestras e ativações · Ativações,Programa Delta,,,"Entregável: Decisão e orçamento
",A fazer,A avaliar,,Baixa,Suellen Pereira da Silva,,Decisão e orçamento,
Montar o mailing via WhatsApp a partir das ativações,Delta · Palestras e ativações · Ativações,Programa Delta,,,"Entregável: Lista com consentimento registrado
Origem: banco de talentos e empresas júnior. LGPD: guardar o consentimento de cada contato.",A fazer,Criar,,Média,Suellen Pereira da Silva,,Lista com consentimento registrado,
Registrar presença e inscrições geradas por ação,Delta · Palestras e ativações · Medição,Programa Delta,,,"Entregável: Planilha de conversão por ação e universidade
Mede quais palestras e canais trazem candidatos para o funil.",A fazer,Criar,,Média,Suellen Pereira da Silva,,Planilha de conversão por ação e universidade,
Hotsite do Delta com a Cia de Estágios,Delta · Marca e divulgação · Divulgação,Programa Delta,,,"Entregável: Hotsite no ar
Exemplos citados no deck: hotsites da Pátria e do Banco ABC na Cia de Estágios.
Link: https://www.ciadeestagios.com.br/",A fazer,Criar,,Alta,Suellen Pereira da Silva,,Hotsite no ar,https://www.ciadeestagios.com.br/
Produzir os materiais de divulgação,Delta · Marca e divulgação · Divulgação,Programa Delta,,,"Entregável: Cards, cartaz digital para faculdades, posts de lançamento e encerramento
",A fazer,Criar,,Alta,Suellen Pereira da Silva,,"Cards, cartaz digital para faculdades, posts de lançamento e encerramento",
Plano de mídia orgânica e patrocinada,Delta · Marca e divulgação · Divulgação,Programa Delta,,,"Entregável: Plano por canal com datas
Canais: TikTok, Telegram, WhatsApp, X/Twitter e LinkedIn. Inclui imprensa e destaque na home da Cia.",A fazer,Criar,,Média,Suellen Pereira da Silva,,Plano por canal com datas,
Alinhar campanha com Marketing e Comunicação interna,Delta · Marca e divulgação · Divulgação,Programa Delta,,,"Entregável: Calendário aprovado
",A fazer,Criar,,Média,Suellen Pereira da Silva,,Calendário aprovado,
Publicar a vaga Delta no InHire e na página de carreiras,Delta · Marca e divulgação · Divulgação,Programa Delta,,,"Entregável: Vaga publicada com link do hotsite
Depende do projeto Página de carreiras.",A fazer,Criar,,Alta,Suellen Pereira da Silva,,Vaga publicada com link do hotsite,
Configurar as etapas do Delta no InHire,Delta · Seleção e Challenge Day · Configuração,Programa Delta,,,"Entregável: Fluxo configurado
Inscrição → testes → entrevista Cia → live → Challenge Day → entrevistas finais → proposta.",A fazer,Criar,,Alta,Suellen Pereira da Silva,,Fluxo configurado,
Definir e configurar os testes,Delta · Seleção e Challenge Day · Testes,Programa Delta,,,"Entregável: Testes ativos
Raciocínio lógico, inglês (certificações), Assessment Learning Agility, fit cultural e vídeo 'Por que devemos te contratar?'.",A fazer,Criar,,Alta,Suellen Pereira da Silva,,Testes ativos,
Entrevistas comportamentais com a Cia de Estágios,Delta · Seleção e Challenge Day · Entrevistas,Programa Delta,,,"Entregável: Pareceres e feedbacks individuais

Link: https://www.ciadeestagios.com.br/",A fazer,Criar,,Média,Suellen Pereira da Silva,,Pareceres e feedbacks individuais,https://www.ciadeestagios.com.br/
Live privada de preparação para o Challenge Day,Delta · Seleção e Challenge Day · Preparação,Programa Delta,,,"Entregável: Live realizada
Formato educacional, para os candidatos chegarem preparados.",A fazer,Criar,,Média,Suellen Pereira da Silva,,Live realizada,
Preparar os gestores para conduzir o Challenge Day,Delta · Seleção e Challenge Day · Preparação,Programa Delta,,,"Entregável: Gestores treinados e com roteiro de avaliação
",A fazer,Criar,,Alta,Suellen Pereira da Silva,,Gestores treinados e com roteiro de avaliação,
Criar o business case transversal e a banca,Delta · Seleção e Challenge Day · Challenge Day,Programa Delta,,,"Entregável: Case e critérios de avaliação
Case único para todas as áreas, com pitch dos grupos.",A fazer,Criar,,Alta,Suellen Pereira da Silva,,Case e critérios de avaliação,
Logística do Challenge Day,Delta · Seleção e Challenge Day · Challenge Day,Programa Delta,,,"Entregável: Evento pronto
2 dias com 20 candidatos por dia: dinâmica com executivos, brunch/coffee de networking, case e pitch.",A fazer,Criar,,Alta,Suellen Pereira da Silva,,Evento pronto,
Entrevistas finais com gestores e feedbacks individuais,Delta · Seleção e Challenge Day · Final,Programa Delta,,,"Entregável: Aprovados definidos
",A fazer,Criar,,Alta,Suellen Pereira da Silva,,Aprovados definidos,
Produzir o Kit Delta,Delta · Onboarding e kit · Kit,Programa Delta,,,"Entregável: Kits entregues
Mochila, jaqueta, caderno premium, caneta executiva, garrafa térmica, pin metálico e itens de identidade.",A fazer,Criar,,Média,Suellen Pereira da Silva,,Kits entregues,
Solicitar os notebooks corporativos à TI,Delta · Onboarding e kit · Kit,Programa Delta,,,"Entregável: Equipamentos prontos na admissão
",A fazer,Criar,,Média,Suellen Pereira da Silva,,Equipamentos prontos na admissão,
Carta de boas-vindas assinada pelo executivo,Delta · Onboarding e kit · Kit,Programa Delta,,,"Entregável: Cartas assinadas
",A fazer,Criar,,Baixa,Suellen Pereira da Silva,,Cartas assinadas,
Proposta e contrato de estágio,Delta · Onboarding e kit · Admissão,Programa Delta,,,"Entregável: Propostas aceitas
Usa os modelos de carta proposta de estágio (projeto Cartas proposta).",A fazer,Atualizar,,Alta,Suellen Pereira da Silva,,Propostas aceitas,
Listar todas as bases mensais e rotinas recorrentes,Bases mensais · Inventário,Manutenção,,,"Entregável: Lista com nome, periodicidade, prazo, fonte e destinatário
Ex.: indicadores de R&S, vagas abertas/fechadas, SLA, headcount. Cadastrar cada base como uma tarefa nesta seção.",A fazer,Criar,,Alta,Suellen Pereira da Silva,,"Lista com nome, periodicidade, prazo, fonte e destinatário",
Documentar o passo a passo de cada base,Bases mensais · Passo a passo,Manutenção,,,"Entregável: Procedimento por base, com prints e onde salvar
Inclui de onde extrair (InHire, LG, planilhas), tratamentos e quem recebe.",A fazer,Criar,,Alta,Suellen Pereira da Silva,,"Procedimento por base, com prints e onde salvar",
Fazer a próxima atualização mensal junto com o(a) sucessor(a),Bases mensais · Transição,Manutenção,,,"Entregável: Uma rodada completa feita a quatro mãos
",A fazer,Criar,,Alta,Suellen Pereira da Silva,,Uma rodada completa feita a quatro mãos,
Detalhar a jornada dos 2 anos,Delta · Onboarding e kit · Jornada,Programa Delta,,,"Entregável: Calendário da jornada aprovado
Ano 1: 3 meses na área de origem, soft skills (3 módulos), hard skills, job rotation, encontro com RH. Ano 2: projeto aplicado, hard e soft skills, encontro com RH. Ao longo: mentoria dirigida, conexão ESG, encontro com diretores. Rede Alumni ao final.",A fazer,Criar,,Média,Suellen Pereira da Silva,,Calendário da jornada aprovado,
