Instituição,Alcance (Cia de Estágios),Canal,Contato,E-mail,Telefone,Status,Próxima ação,Responsável,Cursos
USP,+34.200 cadastros na Cia de Estágios,Centro de carreiras,,,,Mapear contato,Mapear contato,,"Administração, Economia, Engenharias, Matemática, Física"
USP,+34.200 cadastros na Cia de Estágios,Empresa júnior,,,,Mapear contato,Mapear contato,,"Administração, Economia, Engenharias, Matemática, Física"
USP,+34.200 cadastros na Cia de Estágios,Liga / entidade estudantil,,,,Mapear contato,Mapear contato,,"Administração, Economia, Engenharias, Matemática, Física"
FGV,+3.500 cadastros ativos,Centro de carreiras,,,,Mapear contato,Mapear contato,,"Administração, Economia, Matemática Aplicada"
FGV,+3.500 cadastros ativos,Empresa júnior,,,,Mapear contato,Mapear contato,,"Administração, Economia, Matemática Aplicada"
FGV,+3.500 cadastros ativos,Liga / entidade estudantil,,,,Mapear contato,Mapear contato,,"Administração, Economia, Matemática Aplicada"
Insper,+2.500 cadastros (Engenharias +500),Centro de carreiras,,,,Mapear contato,Mapear contato,,"Administração, Economia, Engenharias, Ciência da Computação"
Insper,+2.500 cadastros (Engenharias +500),Empresa júnior,,,,Mapear contato,Mapear contato,,"Administração, Economia, Engenharias, Ciência da Computação"
Insper,+2.500 cadastros (Engenharias +500),Liga / entidade estudantil,,,,Mapear contato,Mapear contato,,"Administração, Economia, Engenharias, Ciência da Computação"
ITA,+100 candidatos disponíveis,Centro de carreiras,,,,Mapear contato,Mapear contato,,"Engenharias, Computação"
ITA,+100 candidatos disponíveis,Empresa júnior,,,,Mapear contato,Mapear contato,,"Engenharias, Computação"
ITA,+100 candidatos disponíveis,Liga / entidade estudantil,,,,Mapear contato,Mapear contato,,"Engenharias, Computação"
Unicamp,+14.500 cadastros (Eng. Produção +700),Centro de carreiras,,,,Mapear contato,Mapear contato,,"Economia, Engenharias, Matemática, Física"
Unicamp,+14.500 cadastros (Eng. Produção +700),Empresa júnior,,,,Mapear contato,Mapear contato,,"Economia, Engenharias, Matemática, Física"
Unicamp,+14.500 cadastros (Eng. Produção +700),Liga / entidade estudantil,,,,Mapear contato,Mapear contato,,"Economia, Engenharias, Matemática, Física"
Link School of Business,,Centro de carreiras,,,,Mapear contato,Mapear contato,,"Administração, Economia"
Link School of Business,,Empresa júnior,,,,Mapear contato,Mapear contato,,"Administração, Economia"
Link School of Business,,Liga / entidade estudantil,,,,Mapear contato,Mapear contato,,"Administração, Economia"
Universidades federais (definir quais),,Centro de carreiras,,,,Mapear contato,Mapear contato,,A definir
Universidades federais (definir quais),,Empresa júnior,,,,Mapear contato,Mapear contato,,A definir
Universidades federais (definir quais),,Liga / entidade estudantil,,,,Mapear contato,Mapear contato,,A definir
